{
  "accuracy": 0.7469879518072289,
  "precision": 0.6578947368421053,
  "recall": 0.7575757575757576,
  "f1_score": 0.704225352112676,
  "sensitivity": 0.7575757575757576,
  "specificity": 0.74,
  "confusion_matrix": {
    "TP": 25,
    "TN": 37,
    "FP": 13,
    "FN": 8
  },
  "best_params": {
    "learning_rate": "adaptive",
    "hidden_layer_sizes": [
      64
    ],
    "alpha": 0.001,
    "activation": "relu"
  },
  "best_cv_score": 0.7669070512820513
}