{
  "accuracy": 0.7710843373493976,
  "precision": 0.8260869565217391,
  "recall": 0.5588235294117647,
  "f1_score": 0.6666666666666666,
  "sensitivity": 0.5588235294117647,
  "specificity": 0.9183673469387755,
  "confusion_matrix": {
    "TP": 19,
    "TN": 45,
    "FP": 4,
    "FN": 15
  }
}