{
  "accuracy": 0.8192771084337349,
  "precision": 0.75,
  "recall": 0.8181818181818182,
  "f1_score": 0.782608695652174,
  "sensitivity": 0.8181818181818182,
  "specificity": 0.82,
  "confusion_matrix": {
    "TP": 27,
    "TN": 41,
    "FP": 9,
    "FN": 6
  }
}