{
  "accuracy": 0.6867469879518072,
  "precision": 0.7073170731707317,
  "recall": 0.6744186046511628,
  "f1_score": 0.6904761904761905,
  "sensitivity": 0.6744186046511628,
  "specificity": 0.7,
  "confusion_matrix": {
    "TP": 29,
    "TN": 28,
    "FP": 12,
    "FN": 14
  },
  "best_params": {
    "hidden_layer_sizes": [
      32
    ],
    "alpha": 0.01,
    "activation": "tanh"
  },
  "best_cv_score": 0.7875
}