{"accuracy": 0.8117647058823529, "precision": 0.88, "recall": 0.6285714285714286, "f1_score": 0.7333333333333333, "sensitivity": 0.6285714285714286, "specificity": 0.94, "confusion_matrix": {"TP": 22, "TN": 47, "FP": 3, "FN": 13}, "n_samples": 281}